pdb_id,docking_case,bound_path,unbound_pro_path,unbound_rna_path,bound_pro_chain,unbound_pro_chain,bound_rna_chain,unbound_rna_chain,status
1ASY,UU,/kaggle/input/prdbv3-dataset-description/PRDBv3.0/1ASY/1ASY.pdb,/kaggle/input/prdbv3-dataset-description/PRDBv3.0/1ASY/1EOV.pdb,/kaggle/input/prdbv3-dataset-description/PRDBv3.0/1ASY/2TRA.pdb,A,A,R,A,Success
1B23,UU,/kaggle/input/prdbv3-dataset-description/PRDBv3.0/1B23/1B23.pdb,/kaggle/input/prdbv3-dataset-description/PRDBv3.0/1B23/1TUI.pdb,,P,A,R,A,Success
1C0A,UU,/kaggle/input/prdbv3-dataset-description/PRDBv3.0/1C0A/1C0A.pdb,/kaggle/input/prdbv3-dataset-description/PRDBv3.0/1C0A/1EQR.pdb,,A,A,B,C,Success
1QTQ,UU,/kaggle/input/prdbv3-dataset-description/PRDBv3.0/1QTQ/1QTQ.pdb,/kaggle/input/prdbv3-dataset-description/PRDBv3.0/1QTQ/1NYL.pdb,,A,A,B,Y,Success
2BTE,UU,/kaggle/input/prdbv3-dataset-description/PRDBv3.0/2BTE/2BTE.pdb,/kaggle/input/prdbv3-dataset-description/PRDBv3.0/2BTE/1OBC.pdb,,A,A,B,F,Success
2DRB,UU,/kaggle/input/prdbv3-dataset-description/PRDBv3.0/2DRB/2DRB.pdb,/kaggle/input/prdbv3-dataset-description/PRDBv3.0/2DRB/1UET.pdb,,A,A,B,C,Success
2FMT,UU,/kaggle/input/prdbv3-dataset-description/PRDBv3.0/2FMT/2FMT.pdb,/kaggle/input/prdbv3-dataset-description/PRDBv3.0/2FMT/1FMT.pdb,/kaggle/input/prdbv3-dataset-description/PRDBv3.0/2FMT/3CW6.pdb,A,A,C,A,Success
2ZZM,UU,/kaggle/input/prdbv3-dataset-description/PRDBv3.0/2ZZM/2ZZM.pdb,/kaggle/input/prdbv3-dataset-description/PRDBv3.0/2ZZM/2YX1.pdb,,A,A,B,C,Success
3HL2,UU,/kaggle/input/prdbv3-dataset-description/PRDBv3.0/3HL2/3HL2.pdb,/kaggle/input/prdbv3-dataset-description/PRDBv3.0/3HL2/3BC8.pdb,/kaggle/input/prdbv3-dataset-description/PRDBv3.0/3HL2/3RG5.pdb,ABKM,ADGJ,E,A,Success
3VJR,UU,/kaggle/input/prdbv3-dataset-description/PRDBv3.0/3VJR/3VJR.pdb,/kaggle/input/prdbv3-dataset-description/PRDBv3.0/3VJR/2PTH.pdb,,A,A,B,5,Success
5X6B,UU,/kaggle/input/prdbv3-dataset-description/PRDBv3.0/5X6B/5X6B.pdb,/kaggle/input/prdbv3-dataset-description/PRDBv3.0/5X6B/3WKR.pdb,/kaggle/input/prdbv3-dataset-description/PRDBv3.0/5X6B/2ZZN.pdb,IJEF,ABCD,P,C,Success
6LVR,UU,/kaggle/input/prdbv3-dataset-description/PRDBv3.0/6LVR/6LVR.pdb,/kaggle/input/prdbv3-dataset-description/PRDBv3.0/6LVR/4G24.pdb,/kaggle/input/prdbv3-dataset-description/PRDBv3.0/6LVR/1I9V.pdb,C,A,D,A,Success
7YSE,UU,/kaggle/input/prdbv3-dataset-description/PRDBv3.0/7YSE/7YSE.pdb,/kaggle/input/prdbv3-dataset-description/PRDBv3.0/7YSE/7EIV.pdb,,AC,AC,E,E,Success
1DFU,UU,/kaggle/input/prdbv3-dataset-description/PRDBv3.0/1DFU/1DFU.pdb,/kaggle/input/prdbv3-dataset-description/PRDBv3.0/1DFU/1B75.pdb,/kaggle/input/prdbv3-dataset-description/PRDBv3.0/1DFU/364D.pdb,P,A,MN,CB,Success
1FEU,UU,/kaggle/input/prdbv3-dataset-description/PRDBv3.0/1FEU/1FEU.pdb,/kaggle/input/prdbv3-dataset-description/PRDBv3.0/1FEU/2J01.pdb,/kaggle/input/prdbv3-dataset-description/PRDBv3.0/1FEU/364D.pdb,A,Z,BC,BC,Success
1MMS,UU,/kaggle/input/prdbv3-dataset-description/PRDBv3.0/1MMS/1MMS.pdb,/kaggle/input/prdbv3-dataset-description/PRDBv3.0/1MMS/2K3F.pdb,,A,A,C,A,Success
3IEV,UU,/kaggle/input/prdbv3-dataset-description/PRDBv3.0/3IEV/3IEV.pdb,/kaggle/input/prdbv3-dataset-description/PRDBv3.0/3IEV/7C1O.pdb,/kaggle/input/prdbv3-dataset-description/PRDBv3.0/3IEV/1SDR.pdb,A,A,D,BC,Success
1OOA,UU,/kaggle/input/prdbv3-dataset-description/PRDBv3.0/1OOA/1OOA.pdb,/kaggle/input/prdbv3-dataset-description/PRDBv3.0/1OOA/1LE5.pdb,,A,B,C,A,Success
1R3E,UU,/kaggle/input/prdbv3-dataset-description/PRDBv3.0/1R3E/1R3E.pdb,/kaggle/input/prdbv3-dataset-description/PRDBv3.0/1R3E/1ZE1.pdb,/kaggle/input/prdbv3-dataset-description/PRDBv3.0/1R3E/1EHZ.pdb,A,A,C,A,Success
2R8S,UU,/kaggle/input/prdbv3-dataset-description/PRDBv3.0/2R8S/2R8S.pdb,/kaggle/input/prdbv3-dataset-description/PRDBv3.0/2R8S/2HFF.pdb,/kaggle/input/prdbv3-dataset-description/PRDBv3.0/2R8S/1HR2.pdb,LH,HL,R,A,Success
3SNP,UU,/kaggle/input/prdbv3-dataset-description/PRDBv3.0/3SNP/3SNP.pdb,/kaggle/input/prdbv3-dataset-description/PRDBv3.0/3SNP/2B3Y.pdb,,A,A,C,A,Success
2OZB,UU,/kaggle/input/prdbv3-dataset-description/PRDBv3.0/2OZB/2OZB.pdb,/kaggle/input/prdbv3-dataset-description/PRDBv3.0/2OZB/2JNB.pdb,/kaggle/input/prdbv3-dataset-description/PRDBv3.0/2OZB/2XEB.pdb,AB,A,C,A,Success
7P0V,UU,/kaggle/input/prdbv3-dataset-description/PRDBv3.0/7P0V/7P0V.pdb,/kaggle/input/prdbv3-dataset-description/PRDBv3.0/7P0V/7P08.pdb,,A,A,B,C,Success
1JBS,UU,/kaggle/input/prdbv3-dataset-description/PRDBv3.0/1JBS/1JBS.pdb,/kaggle/input/prdbv3-dataset-description/PRDBv3.0/1JBS/1AQZ.pdb,/kaggle/input/prdbv3-dataset-description/PRDBv3.0/1JBS/1Q9A.pdb,A,A,C,A,Success
1WSU,UU,/kaggle/input/prdbv3-dataset-description/PRDBv3.0/1WSU/1WSU.pdb,/kaggle/input/prdbv3-dataset-description/PRDBv3.0/1WSU/1LVA.pdb,/kaggle/input/prdbv3-dataset-description/PRDBv3.0/1WSU/2RLU.pdb,A,A,E,A,Success
1ZBH,UU,/kaggle/input/prdbv3-dataset-description/PRDBv3.0/1ZBH/1ZBH.pdb,/kaggle/input/prdbv3-dataset-description/PRDBv3.0/1ZBH/1ZBU.pdb,/kaggle/input/prdbv3-dataset-description/PRDBv3.0/1ZBH/1JU7.pdb,AD,AD,E,A,Success
2BH2,UU,/kaggle/input/prdbv3-dataset-description/PRDBv3.0/2BH2/2BH2.pdb,/kaggle/input/prdbv3-dataset-description/PRDBv3.0/2BH2/1UWV.pdb,,A,A,C,A,Success
1F7U,UB,/kaggle/input/prdbv3-dataset-description/PRDBv3.0/1F7U/1F7U.pdb,/kaggle/input/prdbv3-dataset-description/PRDBv3.0/1F7U/1BS2.pdb,,A,A,B,,Success
1H3E,UB,/kaggle/input/prdbv3-dataset-description/PRDBv3.0/1H3E/1H3E.pdb,/kaggle/input/prdbv3-dataset-description/PRDBv3.0/1H3E/1H3F.pdb,,AC,AB,B,,Success
1H4S,UB,/kaggle/input/prdbv3-dataset-description/PRDBv3.0/1H4S/1H4S.pdb,/kaggle/input/prdbv3-dataset-description/PRDBv3.0/1H4S/1HC7.pdb,,AB,AB,T,,Success
1J1U,UB,/kaggle/input/prdbv3-dataset-description/PRDBv3.0/1J1U/1J1U.pdb,/kaggle/input/prdbv3-dataset-description/PRDBv3.0/1J1U/1U7D.pdb,,AC,AB,B,,Success
1N78,UB,/kaggle/input/prdbv3-dataset-description/PRDBv3.0/1N78/1N78.pdb,/kaggle/input/prdbv3-dataset-description/PRDBv3.0/1N78/1J09.pdb,,A,A,C,,Success
1QF6,UB,/kaggle/input/prdbv3-dataset-description/PRDBv3.0/1QF6/1QF6.pdb,/kaggle/input/prdbv3-dataset-description/PRDBv3.0/1QF6/1EVL.pdb,,A,A,B,,Success
1SER,UB,/kaggle/input/prdbv3-dataset-description/PRDBv3.0/1SER/1SER.pdb,/kaggle/input/prdbv3-dataset-description/PRDBv3.0/1SER/1SES.pdb,,AB,AB,T,,Success
1U0B,UB,/kaggle/input/prdbv3-dataset-description/PRDBv3.0/1U0B/1U0B.pdb,/kaggle/input/prdbv3-dataset-description/PRDBv3.0/1U0B/1LI5.pdb,,B,B,A,,Success
1VFG,UB,/kaggle/input/prdbv3-dataset-description/PRDBv3.0/1VFG/1VFG.pdb,/kaggle/input/prdbv3-dataset-description/PRDBv3.0/1VFG/4WBY.pdb,,B,A,D,,Success
2AZX,UB,/kaggle/input/prdbv3-dataset-description/PRDBv3.0/2AZX/2AZX.pdb,/kaggle/input/prdbv3-dataset-description/PRDBv3.0/2AZX/1R6U.pdb,,AF,AB,C,,Success
2FK6,UB,/kaggle/input/prdbv3-dataset-description/PRDBv3.0/2FK6/2FK6.pdb,/kaggle/input/prdbv3-dataset-description/PRDBv3.0/2FK6/1Y44.pdb,,A,A,R,,Success
3ADB,UB,/kaggle/input/prdbv3-dataset-description/PRDBv3.0/3ADB/3ADB.pdb,/kaggle/input/prdbv3-dataset-description/PRDBv3.0/3ADB/3A4M.pdb,,A,A,C,,Success
3AMT,UB,/kaggle/input/prdbv3-dataset-description/PRDBv3.0/3AMT/3AMT.pdb,/kaggle/input/prdbv3-dataset-description/PRDBv3.0/3AMT/3AU7.pdb,,A,A,B,,Success
4YCP,UB,/kaggle/input/prdbv3-dataset-description/PRDBv3.0/4YCP/4YCP.pdb,/kaggle/input/prdbv3-dataset-description/PRDBv3.0/4YCP/4BFA.pdb,,A,A,B,,Success
4YVJ,UB,/kaggle/input/prdbv3-dataset-description/PRDBv3.0/4YVJ/4YVJ.pdb,/kaggle/input/prdbv3-dataset-description/PRDBv3.0/4YVJ/3AXZ.pdb,,AB,AB,C,,Success
5HR7,UB,/kaggle/input/prdbv3-dataset-description/PRDBv3.0/5HR7/5HR7.pdb,/kaggle/input/prdbv3-dataset-description/PRDBv3.0/5HR7/3RFA.pdb,,A,A,D,,Success
5B63,UB,/kaggle/input/prdbv3-dataset-description/PRDBv3.0/5B63/5B63.pdb,/kaggle/input/prdbv3-dataset-description/PRDBv3.0/5B63/5YYM.pdb,,A,A,B,,Success
5T8Y,UB,/kaggle/input/prdbv3-dataset-description/PRDBv3.0/5T8Y/5T8Y.pdb,/kaggle/input/prdbv3-dataset-description/PRDBv3.0/5T8Y/5D08.pdb,,B,A,X,,Success
5WT1,UB,/kaggle/input/prdbv3-dataset-description/PRDBv3.0/5WT1/5WT1.pdb,/kaggle/input/prdbv3-dataset-description/PRDBv3.0/5WT1/5HJI.pdb,,A,A,C,,Success
5ZW4,UB,/kaggle/input/prdbv3-dataset-description/PRDBv3.0/5ZW4/5ZW4.pdb,/kaggle/input/prdbv3-dataset-description/PRDBv3.0/5ZW4/5ZW3.pdb,,A,A,D,,Success
7E8O,UB,/kaggle/input/prdbv3-dataset-description/PRDBv3.0/7E8O/7E8O.pdb,/kaggle/input/prdbv3-dataset-description/PRDBv3.0/7E8O/7E8K.pdb,,AB,AB,X,,Success
7K98,UB,/kaggle/input/prdbv3-dataset-description/PRDBv3.0/7K98/7K98.pdb,/kaggle/input/prdbv3-dataset-description/PRDBv3.0/7K98/7DAW.pdb,,ABDE,ABCD,C,,Success
7MJW,UB,/kaggle/input/prdbv3-dataset-description/PRDBv3.0/7MJW/7MJW.pdb,/kaggle/input/prdbv3-dataset-description/PRDBv3.0/7MJW/7MJZ.pdb,,A,A,M,,Success
8H1B,UB,/kaggle/input/prdbv3-dataset-description/PRDBv3.0/8H1B/8H1B.pdb,/kaggle/input/prdbv3-dataset-description/PRDBv3.0/8H1B/8H1A.pdb,,A,A,C,,Success
8JOZ,UB,/kaggle/input/prdbv3-dataset-description/PRDBv3.0/8JOZ/8JOZ.pdb,/kaggle/input/prdbv3-dataset-description/PRDBv3.0/8JOZ/4HTF.pdb,,A,A,B,,Success
1G1X,UB,/kaggle/input/prdbv3-dataset-description/PRDBv3.0/1G1X/1G1X.pdb,/kaggle/input/prdbv3-dataset-description/PRDBv3.0/1G1X/1CQM.pdb,,ABC,A,DE,,Success
1SDS,UB,/kaggle/input/prdbv3-dataset-description/PRDBv3.0/1SDS/1SDS.pdb,/kaggle/input/prdbv3-dataset-description/PRDBv3.0/1SDS/1XBI.pdb,,C,A,FG,,Success
2HW8,UB,/kaggle/input/prdbv3-dataset-description/PRDBv3.0/2HW8/2HW8.pdb,/kaggle/input/prdbv3-dataset-description/PRDBv3.0/2HW8/1AD2.pdb,,A,A,B,,Success
5WTY,UB,/kaggle/input/prdbv3-dataset-description/PRDBv3.0/5WTY/5WTY.pdb,/kaggle/input/prdbv3-dataset-description/PRDBv3.0/5WTY/5SVD.pdb,,A,B,C,,Success
1MSW,UB,/kaggle/input/prdbv3-dataset-description/PRDBv3.0/1MSW/1MSW.pdb,/kaggle/input/prdbv3-dataset-description/PRDBv3.0/1MSW/1ARO.pdb,,D,P,R,,Success
1N35,UB,/kaggle/input/prdbv3-dataset-description/PRDBv3.0/1N35/1N35.pdb,/kaggle/input/prdbv3-dataset-description/PRDBv3.0/1N35/1MUK.pdb,,A,A,B,,Success
1Q2R,UB,/kaggle/input/prdbv3-dataset-description/PRDBv3.0/1Q2R/1Q2R.pdb,/kaggle/input/prdbv3-dataset-description/PRDBv3.0/1Q2R/1R5Y.pdb,,AB,AC,E,,Success
1WNE,UB,/kaggle/input/prdbv3-dataset-description/PRDBv3.0/1WNE/1WNE.pdb,/kaggle/input/prdbv3-dataset-description/PRDBv3.0/1WNE/1U09.pdb,,A,A,BC,,Success
1YVP,UB,/kaggle/input/prdbv3-dataset-description/PRDBv3.0/1YVP/1YVP.pdb,/kaggle/input/prdbv3-dataset-description/PRDBv3.0/1YVP/1YVR.pdb,,B,A,EFH,,Success
1ZBI,UB,/kaggle/input/prdbv3-dataset-description/PRDBv3.0/1ZBI/1ZBI.pdb,/kaggle/input/prdbv3-dataset-description/PRDBv3.0/1ZBI/1ZBF.pdb,,A,A,CD,,Success
2AZ0,UB,/kaggle/input/prdbv3-dataset-description/PRDBv3.0/2AZ0/2AZ0.pdb,/kaggle/input/prdbv3-dataset-description/PRDBv3.0/2AZ0/2B9Z.pdb,,AB,AB,CD,,Success
2BGG,UB,/kaggle/input/prdbv3-dataset-description/PRDBv3.0/2BGG/2BGG.pdb,/kaggle/input/prdbv3-dataset-description/PRDBv3.0/2BGG/1W9H.pdb,,A,A,PQ,,Success
2EZ6,UB,/kaggle/input/prdbv3-dataset-description/PRDBv3.0/2EZ6/2EZ6.pdb,/kaggle/input/prdbv3-dataset-description/PRDBv3.0/2EZ6/1JFZ.pdb,,AB,AB,CD,,Success
2F8S,UB,/kaggle/input/prdbv3-dataset-description/PRDBv3.0/2F8S/2F8S.pdb,/kaggle/input/prdbv3-dataset-description/PRDBv3.0/2F8S/1YVU.pdb,,A,A,CD,,Success
2GJW,UB,/kaggle/input/prdbv3-dataset-description/PRDBv3.0/2GJW/2GJW.pdb,/kaggle/input/prdbv3-dataset-description/PRDBv3.0/2GJW/1R0V.pdb,,AB,AB,EFH,,Success
2GXB,UB,/kaggle/input/prdbv3-dataset-description/PRDBv3.0/2GXB/2GXB.pdb,/kaggle/input/prdbv3-dataset-description/PRDBv3.0/2GXB/1QGP.pdb,,A,A,EF,,Success
2QUX,UB,/kaggle/input/prdbv3-dataset-description/PRDBv3.0/2QUX/2QUX.pdb,/kaggle/input/prdbv3-dataset-description/PRDBv3.0/2QUX/2QUD.pdb,,AB,AB,C,,Success
2Y8W,UB,/kaggle/input/prdbv3-dataset-description/PRDBv3.0/2Y8W/2Y8W.pdb,/kaggle/input/prdbv3-dataset-description/PRDBv3.0/2Y8W/1WJ9.pdb,,A,A,B,,Success
2ZKO,UB,/kaggle/input/prdbv3-dataset-description/PRDBv3.0/2ZKO/2ZKO.pdb,/kaggle/input/prdbv3-dataset-description/PRDBv3.0/2ZKO/2Z0A.pdb,,AB,AB,CD,,Success
3A6P,UB,/kaggle/input/prdbv3-dataset-description/PRDBv3.0/3A6P/3A6P.pdb,/kaggle/input/prdbv3-dataset-description/PRDBv3.0/3A6P/5YU6.pdb,,AC,AB,DE,,Success
3BSN,UB,/kaggle/input/prdbv3-dataset-description/PRDBv3.0/3BSN/3BSN.pdb,/kaggle/input/prdbv3-dataset-description/PRDBv3.0/3BSN/1SH3.pdb,,A,A,PT,,Success
3DD2,UB,/kaggle/input/prdbv3-dataset-description/PRDBv3.0/3DD2/3DD2.pdb,/kaggle/input/prdbv3-dataset-description/PRDBv3.0/3DD2/1JOU.pdb,,H,D,B,,Success
3EQT,UB,/kaggle/input/prdbv3-dataset-description/PRDBv3.0/3EQT/3EQT.pdb,/kaggle/input/prdbv3-dataset-description/PRDBv3.0/3EQT/2W4R.pdb,,AB,AB,CD,,Success
3FTE,UB,/kaggle/input/prdbv3-dataset-description/PRDBv3.0/3FTE/3FTE.pdb,/kaggle/input/prdbv3-dataset-description/PRDBv3.0/3FTE/3FTD.pdb,,A,A,C,,Success
3KS8,UB,/kaggle/input/prdbv3-dataset-description/PRDBv3.0/3KS8/3KS8.pdb,/kaggle/input/prdbv3-dataset-description/PRDBv3.0/3KS8/3KS4.pdb,,AB,AB,EF,,Success
3MOJ,UB,/kaggle/input/prdbv3-dataset-description/PRDBv3.0/3MOJ/3MOJ.pdb,/kaggle/input/prdbv3-dataset-description/PRDBv3.0/3MOJ/2G0C.pdb,,B,A,A,,Success
3O3I,UB,/kaggle/input/prdbv3-dataset-description/PRDBv3.0/3O3I/3O3I.pdb,/kaggle/input/prdbv3-dataset-description/PRDBv3.0/3O3I/2L5C.pdb,,X,A,A,,Success
3OIJ,UB,/kaggle/input/prdbv3-dataset-description/PRDBv3.0/3OIJ/3OIJ.pdb,/kaggle/input/prdbv3-dataset-description/PRDBv3.0/3OIJ/3OII.pdb,,AB,AB,C,,Success
3OL6,UB,/kaggle/input/prdbv3-dataset-description/PRDBv3.0/3OL6/3OL6.pdb,/kaggle/input/prdbv3-dataset-description/PRDBv3.0/3OL6/1RA6.pdb,,A,A,BCD,,Success
3RW6,UB,/kaggle/input/prdbv3-dataset-description/PRDBv3.0/3RW6/3RW6.pdb,/kaggle/input/prdbv3-dataset-description/PRDBv3.0/3RW6/3RW7.pdb,,A,A,H,,Success
3ZC0,UB,/kaggle/input/prdbv3-dataset-description/PRDBv3.0/3ZC0/3ZC0.pdb,/kaggle/input/prdbv3-dataset-description/PRDBv3.0/3ZC0/3ZC1.pdb,,ABCDEFGH,ABCDEFGH,MN,,Success
4ERD,UB,/kaggle/input/prdbv3-dataset-description/PRDBv3.0/4ERD/4ERD.pdb,/kaggle/input/prdbv3-dataset-description/PRDBv3.0/4ERD/4EYT.pdb,,AB,AB,CD,,Success
4FVU,UB,/kaggle/input/prdbv3-dataset-description/PRDBv3.0/4FVU/4FVU.pdb,/kaggle/input/prdbv3-dataset-description/PRDBv3.0/4FVU/3Q7C.pdb,,A,A,BC,,Success
4IG8,UB,/kaggle/input/prdbv3-dataset-description/PRDBv3.0/4IG8/4IG8.pdb,/kaggle/input/prdbv3-dataset-description/PRDBv3.0/4IG8/1PX5.pdb,,A,A,BC,,Success
4ILL,UB,/kaggle/input/prdbv3-dataset-description/PRDBv3.0/4ILL/4ILL.pdb,/kaggle/input/prdbv3-dataset-description/PRDBv3.0/4ILL/4ILR.pdb,,AB,AB,RC,,Success
4ZT0,UB,/kaggle/input/prdbv3-dataset-description/PRDBv3.0/4ZT0/4ZT0.pdb,/kaggle/input/prdbv3-dataset-description/PRDBv3.0/4ZT0/4CMP.pdb,,A,A,B,,Success
5ED1,UB,/kaggle/input/prdbv3-dataset-description/PRDBv3.0/5ED1/5ED1.pdb,/kaggle/input/prdbv3-dataset-description/PRDBv3.0/5ED1/1ZY7.pdb,,A,A,BC,,Success
5F5H,UB,/kaggle/input/prdbv3-dataset-description/PRDBv3.0/5F5H/5F5H.pdb,/kaggle/input/prdbv3-dataset-description/PRDBv3.0/5F5H/4QI0.pdb,,A,A,C,,Success
5WTK,UB,/kaggle/input/prdbv3-dataset-description/PRDBv3.0/5WTK/5WTK.pdb,/kaggle/input/prdbv3-dataset-description/PRDBv3.0/5WTK/5WTJ.pdb,,A,A,B,,Success
5ZQ8,UB,/kaggle/input/prdbv3-dataset-description/PRDBv3.0/5ZQ8/5ZQ8.pdb,/kaggle/input/prdbv3-dataset-description/PRDBv3.0/5ZQ8/5XJ1.pdb,,A,A,D,,Success
6D12,UB,/kaggle/input/prdbv3-dataset-description/PRDBv3.0/6D12/6D12.pdb,/kaggle/input/prdbv3-dataset-description/PRDBv3.0/6D12/5KNW.pdb,,B,A,C,,Success
6DCB,UB,/kaggle/input/prdbv3-dataset-description/PRDBv3.0/6DCB/6DCB.pdb,/kaggle/input/prdbv3-dataset-description/PRDBv3.0/6DCB/5UNA.pdb,,A,A,B,,Success
6FQ3,UB,/kaggle/input/prdbv3-dataset-description/PRDBv3.0/6FQ3/6FQ3.pdb,/kaggle/input/prdbv3-dataset-description/PRDBv3.0/6FQ3/6FPT.pdb,,A,A,B,,Success
6SY4,UB,/kaggle/input/prdbv3-dataset-description/PRDBv3.0/6SY4/6SY4.pdb,/kaggle/input/prdbv3-dataset-description/PRDBv3.0/6SY4/3ZQI.pdb,,AB,AB,C,,Success
6PZQ,UB,/kaggle/input/prdbv3-dataset-description/PRDBv3.0/6PZQ/6PZQ.pdb,/kaggle/input/prdbv3-dataset-description/PRDBv3.0/6PZQ/6G0Y.pdb,,AB,AC,IJ,,Success
6RTI,UB,/kaggle/input/prdbv3-dataset-description/PRDBv3.0/6RTI/6RTI.pdb,/kaggle/input/prdbv3-dataset-description/PRDBv3.0/6RTI/2C6C.pdb,,A,A,X,,Success
6ZDP,UB,/kaggle/input/prdbv3-dataset-description/PRDBv3.0/6ZDP/6ZDP.pdb,/kaggle/input/prdbv3-dataset-description/PRDBv3.0/6ZDP/6ZD6.pdb,,A,A,B,,Success
7KFN,UB,/kaggle/input/prdbv3-dataset-description/PRDBv3.0/7KFN/7KFN.pdb,/kaggle/input/prdbv3-dataset-description/PRDBv3.0/7KFN/1ZY7.pdb,,AD,AB,BC,,Success
7KKV,UB,/kaggle/input/prdbv3-dataset-description/PRDBv3.0/7KKV/7KKV.pdb,/kaggle/input/prdbv3-dataset-description/PRDBv3.0/7KKV/7K9B.pdb,,A,A,B,,Success
7OG0,UB,/kaggle/input/prdbv3-dataset-description/PRDBv3.0/7OG0/7OG0.pdb,/kaggle/input/prdbv3-dataset-description/PRDBv3.0/7OG0/8TV8.pdb,,A,A,EB,,Success
7OM6,UB,/kaggle/input/prdbv3-dataset-description/PRDBv3.0/7OM6/7OM6.pdb,/kaggle/input/prdbv3-dataset-description/PRDBv3.0/7OM6/7OM2.pdb,,A,A,DF,,Success
7XD8,UB,/kaggle/input/prdbv3-dataset-description/PRDBv3.0/7XD8/7XD8.pdb,/kaggle/input/prdbv3-dataset-description/PRDBv3.0/7XD8/6KR2.pdb,,A,A,BC,,Success
7XWZ,UB,/kaggle/input/prdbv3-dataset-description/PRDBv3.0/7XWZ/7XWZ.pdb,/kaggle/input/prdbv3-dataset-description/PRDBv3.0/7XWZ/7VNU.pdb,,A,A,CD,,Success
7ZLQ,UB,/kaggle/input/prdbv3-dataset-description/PRDBv3.0/7ZLQ/7ZLQ.pdb,/kaggle/input/prdbv3-dataset-description/PRDBv3.0/7ZLQ/2MDR.pdb,,A,A,DE,,Success
8AF0,UB,/kaggle/input/prdbv3-dataset-description/PRDBv3.0/8AF0/8AF0.pdb,/kaggle/input/prdbv3-dataset-description/PRDBv3.0/8AF0/5M9T.pdb,,AB,AB,CD,,Success
1AV6,UB,/kaggle/input/prdbv3-dataset-description/PRDBv3.0/1AV6/1AV6.pdb,/kaggle/input/prdbv3-dataset-description/PRDBv3.0/1AV6/1B42.pdb,,A,A,B,,Success
1C9S,UB,/kaggle/input/prdbv3-dataset-description/PRDBv3.0/1C9S/1C9S.pdb,/kaggle/input/prdbv3-dataset-description/PRDBv3.0/1C9S/2EXT.pdb,,L,A,W,,Success
1CVJ,UB,/kaggle/input/prdbv3-dataset-description/PRDBv3.0/1CVJ/1CVJ.pdb,/kaggle/input/prdbv3-dataset-description/PRDBv3.0/1CVJ/4F25.pdb,,A,A,M,,Success
1G2E,UB,/kaggle/input/prdbv3-dataset-description/PRDBv3.0/1G2E/1G2E.pdb,/kaggle/input/prdbv3-dataset-description/PRDBv3.0/1G2E/4EGL.pdb,,A,A,B,,Success
1K8W,UB,/kaggle/input/prdbv3-dataset-description/PRDBv3.0/1K8W/1K8W.pdb,/kaggle/input/prdbv3-dataset-description/PRDBv3.0/1K8W/1R3F.pdb,,A,A,B,,Success
1KQ2,UB,/kaggle/input/prdbv3-dataset-description/PRDBv3.0/1KQ2/1KQ2.pdb,/kaggle/input/prdbv3-dataset-description/PRDBv3.0/1KQ2/1KQ1.pdb,,ABHIKM,ABHIKM,R,,Success
1M5O,UB,/kaggle/input/prdbv3-dataset-description/PRDBv3.0/1M5O/1M5O.pdb,/kaggle/input/prdbv3-dataset-description/PRDBv3.0/1M5O/1OIA.pdb,,C,A,B,,Success
1M8V,UB,/kaggle/input/prdbv3-dataset-description/PRDBv3.0/1M8V/1M8V.pdb,/kaggle/input/prdbv3-dataset-description/PRDBv3.0/1M8V/1H64.pdb,,AM,AM,O,,Success
1M8W,UB,/kaggle/input/prdbv3-dataset-description/PRDBv3.0/1M8W/1M8W.pdb,/kaggle/input/prdbv3-dataset-description/PRDBv3.0/1M8W/1M8Z.pdb,,A,A,CE,,Success
1UVI,UB,/kaggle/input/prdbv3-dataset-description/PRDBv3.0/1UVI/1UVI.pdb,/kaggle/input/prdbv3-dataset-description/PRDBv3.0/1UVI/1HHS.pdb,,A,A,D,,Success
1WPU,UB,/kaggle/input/prdbv3-dataset-description/PRDBv3.0/1WPU/1WPU.pdb,/kaggle/input/prdbv3-dataset-description/PRDBv3.0/1WPU/1WPV.pdb,,A,A,C,,Success
2A8V,UB,/kaggle/input/prdbv3-dataset-description/PRDBv3.0/2A8V/2A8V.pdb,/kaggle/input/prdbv3-dataset-description/PRDBv3.0/2A8V/1A8V.pdb,,B,B,E,,Success
2ASB,UB,/kaggle/input/prdbv3-dataset-description/PRDBv3.0/2ASB/2ASB.pdb,/kaggle/input/prdbv3-dataset-description/PRDBv3.0/2ASB/1K0R.pdb,,A,A,B,,Success
2GIC,UB,/kaggle/input/prdbv3-dataset-description/PRDBv3.0/2GIC/2GIC.pdb,/kaggle/input/prdbv3-dataset-description/PRDBv3.0/2GIC/2QVJ.pdb,,A,A,R,,Success
2IX1,UB,/kaggle/input/prdbv3-dataset-description/PRDBv3.0/2IX1/2IX1.pdb,/kaggle/input/prdbv3-dataset-description/PRDBv3.0/2IX1/2IX0.pdb,,A,A,B,,Success
2JEA,UB,/kaggle/input/prdbv3-dataset-description/PRDBv3.0/2JEA/2JEA.pdb,/kaggle/input/prdbv3-dataset-description/PRDBv3.0/2JEA/2JE6.pdb,,AB,AB,C,,Success
2JLU,UB,/kaggle/input/prdbv3-dataset-description/PRDBv3.0/2JLU/2JLU.pdb,/kaggle/input/prdbv3-dataset-description/PRDBv3.0/2JLU/2JLQ.pdb,,A,A,C,,Success
2PY9,UB,/kaggle/input/prdbv3-dataset-description/PRDBv3.0/2PY9/2PY9.pdb,/kaggle/input/prdbv3-dataset-description/PRDBv3.0/2PY9/2JZX.pdb,,B,A,E,,Success
2Q66,UB,/kaggle/input/prdbv3-dataset-description/PRDBv3.0/2Q66/2Q66.pdb,/kaggle/input/prdbv3-dataset-description/PRDBv3.0/2Q66/2HHP.pdb,,A,A,X,,Success
2R7R,UB,/kaggle/input/prdbv3-dataset-description/PRDBv3.0/2R7R/2R7R.pdb,/kaggle/input/prdbv3-dataset-description/PRDBv3.0/2R7R/2R7Q.pdb,,A,A,X,,Success
2XGJ,UB,/kaggle/input/prdbv3-dataset-description/PRDBv3.0/2XGJ/2XGJ.pdb,/kaggle/input/prdbv3-dataset-description/PRDBv3.0/2XGJ/4U4C.pdb,,A,A,C,,Success
2XNR,UB,/kaggle/input/prdbv3-dataset-description/PRDBv3.0/2XNR/2XNR.pdb,/kaggle/input/prdbv3-dataset-description/PRDBv3.0/2XNR/2XNQ.pdb,,A,A,C,,Success
2XZO,UB,/kaggle/input/prdbv3-dataset-description/PRDBv3.0/2XZO/2XZO.pdb,/kaggle/input/prdbv3-dataset-description/PRDBv3.0/2XZO/2XZP.pdb,,A,A,D,,Success
3AEV,UB,/kaggle/input/prdbv3-dataset-description/PRDBv3.0/3AEV/3AEV.pdb,/kaggle/input/prdbv3-dataset-description/PRDBv3.0/3AEV/2E3U.pdb,,B,A,C,,Success
3BX2,UB,/kaggle/input/prdbv3-dataset-description/PRDBv3.0/3BX2/3BX2.pdb,/kaggle/input/prdbv3-dataset-description/PRDBv3.0/3BX2/3BWT.pdb,,A,A,C,,Success
3D2S,UB,/kaggle/input/prdbv3-dataset-description/PRDBv3.0/3D2S/3D2S.pdb,/kaggle/input/prdbv3-dataset-description/PRDBv3.0/3D2S/3D2Q.pdb,,A,A,E,,Success
3MDG,UB,/kaggle/input/prdbv3-dataset-description/PRDBv3.0/3MDG/3MDG.pdb,/kaggle/input/prdbv3-dataset-description/PRDBv3.0/3MDG/3BAP.pdb,,AB,AC,C,,Success
3NMR,UB,/kaggle/input/prdbv3-dataset-description/PRDBv3.0/3NMR/3NMR.pdb,/kaggle/input/prdbv3-dataset-description/PRDBv3.0/3NMR/2DHS.pdb,,A,A,B,,Success
3O8C,UB,/kaggle/input/prdbv3-dataset-description/PRDBv3.0/3O8C/3O8C.pdb,/kaggle/input/prdbv3-dataset-description/PRDBv3.0/3O8C/3O8B.pdb,,A,A,C,,Success
3PF4,UB,/kaggle/input/prdbv3-dataset-description/PRDBv3.0/3PF4/3PF4.pdb,/kaggle/input/prdbv3-dataset-description/PRDBv3.0/3PF4/1CSP.pdb,,B,A,R,,Success
3QJJ,UB,/kaggle/input/prdbv3-dataset-description/PRDBv3.0/3QJJ/3QJJ.pdb,/kaggle/input/prdbv3-dataset-description/PRDBv3.0/3QJJ/3UFC.pdb,,A,X,Q,,Success
3RC8,UB,/kaggle/input/prdbv3-dataset-description/PRDBv3.0/3RC8/3RC8.pdb,/kaggle/input/prdbv3-dataset-description/PRDBv3.0/3RC8/3RC3.pdb,,A,A,E,,Success
4E78,UB,/kaggle/input/prdbv3-dataset-description/PRDBv3.0/4E78/4E78.pdb,/kaggle/input/prdbv3-dataset-description/PRDBv3.0/4E78/4E76.pdb,,A,A,PT,,Success
4H5P,UB,/kaggle/input/prdbv3-dataset-description/PRDBv3.0/4H5P/4H5P.pdb,/kaggle/input/prdbv3-dataset-description/PRDBv3.0/4H5P/3LYF.pdb,,AB,AB,E,,Success
4HOR,UB,/kaggle/input/prdbv3-dataset-description/PRDBv3.0/4HOR/4HOR.pdb,/kaggle/input/prdbv3-dataset-description/PRDBv3.0/4HOR/4HOQ.pdb,,A,A,X,,Success
4J7M,UB,/kaggle/input/prdbv3-dataset-description/PRDBv3.0/4J7M/4J7M.pdb,/kaggle/input/prdbv3-dataset-description/PRDBv3.0/4J7M/4J7N.pdb,,A,A,B,,Success
4M59,UB,/kaggle/input/prdbv3-dataset-description/PRDBv3.0/4M59/4M59.pdb,/kaggle/input/prdbv3-dataset-description/PRDBv3.0/4M59/4M57.pdb,,AB,AB,CD,,Success
4MDX,UB,/kaggle/input/prdbv3-dataset-description/PRDBv3.0/4MDX/4MDX.pdb,/kaggle/input/prdbv3-dataset-description/PRDBv3.0/4MDX/1NE8.pdb,,AB,AD,C,,Success
4N2Q,UB,/kaggle/input/prdbv3-dataset-description/PRDBv3.0/4N2Q/4N2Q.pdb,/kaggle/input/prdbv3-dataset-description/PRDBv3.0/4N2Q/4ME2.pdb,,A,A,B,,Success
4QU6,UB,/kaggle/input/prdbv3-dataset-description/PRDBv3.0/4QU6/4QU6.pdb,/kaggle/input/prdbv3-dataset-description/PRDBv3.0/4QU6/2LMI.pdb,,A,A,B,,Success
5DET,UB,/kaggle/input/prdbv3-dataset-description/PRDBv3.0/5DET/5DET.pdb,/kaggle/input/prdbv3-dataset-description/PRDBv3.0/5DET/5CYJ.pdb,,AB,AB,PQ,,Success
5EIM,UB,/kaggle/input/prdbv3-dataset-description/PRDBv3.0/5EIM/5EIM.pdb,/kaggle/input/prdbv3-dataset-description/PRDBv3.0/5EIM/5H8A.pdb,,A,A,HI,,Success
5ELS,UB,/kaggle/input/prdbv3-dataset-description/PRDBv3.0/5ELS/5ELS.pdb,/kaggle/input/prdbv3-dataset-description/PRDBv3.0/5ELS/5EL3.pdb,,AC,AB,C,,Success
5EX7,UB,/kaggle/input/prdbv3-dataset-description/PRDBv3.0/5EX7/5EX7.pdb,/kaggle/input/prdbv3-dataset-description/PRDBv3.0/5EX7/1Q7F.pdb,,A,A,B,,Success
5GXH,UB,/kaggle/input/prdbv3-dataset-description/PRDBv3.0/5GXH/5GXH.pdb,/kaggle/input/prdbv3-dataset-description/PRDBv3.0/5GXH/5TEE.pdb,,A,A,B,,Success
5LTA,UB,/kaggle/input/prdbv3-dataset-description/PRDBv3.0/5LTA/5LTA.pdb,/kaggle/input/prdbv3-dataset-description/PRDBv3.0/5LTA/5D0U.pdb,,A,A,E,,Success
5SZE,UB,/kaggle/input/prdbv3-dataset-description/PRDBv3.0/5SZE/5SZE.pdb,/kaggle/input/prdbv3-dataset-description/PRDBv3.0/5SZE/5SZD.pdb,,A,A,C,,Success
5V7C,UB,/kaggle/input/prdbv3-dataset-description/PRDBv3.0/5V7C/5V7C.pdb,/kaggle/input/prdbv3-dataset-description/PRDBv3.0/5V7C/5V87.pdb,,B,A,C,,Success
5W0M,UB,/kaggle/input/prdbv3-dataset-description/PRDBv3.0/5W0M/5W0M.pdb,/kaggle/input/prdbv3-dataset-description/PRDBv3.0/5W0M/5W0B.pdb,,A,A,H,,Success
5WWX,UB,/kaggle/input/prdbv3-dataset-description/PRDBv3.0/5WWX/5WWX.pdb,/kaggle/input/prdbv3-dataset-description/PRDBv3.0/5WWX/5WWZ.pdb,,A,A,C,,Success
5ZSC,UB,/kaggle/input/prdbv3-dataset-description/PRDBv3.0/5ZSC/5ZSC.pdb,/kaggle/input/prdbv3-dataset-description/PRDBv3.0/5ZSC/6IF5.pdb,,A,A,C,,Success
6A4E,UB,/kaggle/input/prdbv3-dataset-description/PRDBv3.0/6A4E/6A4E.pdb,/kaggle/input/prdbv3-dataset-description/PRDBv3.0/6A4E/6A4D.pdb,,A,A,B,,Success
6A6J,UB,/kaggle/input/prdbv3-dataset-description/PRDBv3.0/6A6J/6A6J.pdb,/kaggle/input/prdbv3-dataset-description/PRDBv3.0/6A6J/6LMS.pdb,,A,A,B,,Success
6GC5,UB,/kaggle/input/prdbv3-dataset-description/PRDBv3.0/6GC5/6GC5.pdb,/kaggle/input/prdbv3-dataset-description/PRDBv3.0/6GC5/6GD1.pdb,,A,A,E,,Success
6HAU,UB,/kaggle/input/prdbv3-dataset-description/PRDBv3.0/6HAU/6HAU.pdb,/kaggle/input/prdbv3-dataset-description/PRDBv3.0/6HAU/6HAT.pdb,,AB,AB,D,,Success
6I0V,UB,/kaggle/input/prdbv3-dataset-description/PRDBv3.0/6I0V/6I0V.pdb,/kaggle/input/prdbv3-dataset-description/PRDBv3.0/6I0V/6I0S.pdb,,A,A,B,,Success
6L1W,UB,/kaggle/input/prdbv3-dataset-description/PRDBv3.0/6L1W/6L1W.pdb,/kaggle/input/prdbv3-dataset-description/PRDBv3.0/6L1W/3U9G.pdb,,A,A,C,,Success
6LLB,UB,/kaggle/input/prdbv3-dataset-description/PRDBv3.0/6LLB/6LLB.pdb,/kaggle/input/prdbv3-dataset-description/PRDBv3.0/6LLB/5HAA.pdb,,A,A,C,,Success
6R9P,UB,/kaggle/input/prdbv3-dataset-description/PRDBv3.0/6R9P/6R9P.pdb,/kaggle/input/prdbv3-dataset-description/PRDBv3.0/6R9P/6R9I.pdb,,A,A,B,,Success
6U9X,UB,/kaggle/input/prdbv3-dataset-description/PRDBv3.0/6U9X/6U9X.pdb,/kaggle/input/prdbv3-dataset-description/PRDBv3.0/6U9X/6NL1.pdb,,D,A,H,,Success
6L5N,UB,/kaggle/input/prdbv3-dataset-description/PRDBv3.0/6L5N/6L5N.pdb,/kaggle/input/prdbv3-dataset-description/PRDBv3.0/6L5N/6L5M.pdb,,A,A,C,,Success
6LT7,UB,/kaggle/input/prdbv3-dataset-description/PRDBv3.0/6LT7/6LT7.pdb,/kaggle/input/prdbv3-dataset-description/PRDBv3.0/6LT7/6CWX.pdb,,B,AB,C,,Success
6U6Y,UB,/kaggle/input/prdbv3-dataset-description/PRDBv3.0/6U6Y/6U6Y.pdb,/kaggle/input/prdbv3-dataset-description/PRDBv3.0/6U6Y/5AO3.pdb,,AD,AD,EH,,Success
6WXY,UB,/kaggle/input/prdbv3-dataset-description/PRDBv3.0/6WXY/6WXY.pdb,/kaggle/input/prdbv3-dataset-description/PRDBv3.0/6WXY/6WXW.pdb,,BC,AB,A,,Success
6ZOT,UB,/kaggle/input/prdbv3-dataset-description/PRDBv3.0/6ZOT/6ZOT.pdb,/kaggle/input/prdbv3-dataset-description/PRDBv3.0/6ZOT/8BS5.pdb,,A,A,C,,Success
7C45,UB,/kaggle/input/prdbv3-dataset-description/PRDBv3.0/7C45/7C45.pdb,/kaggle/input/prdbv3-dataset-description/PRDBv3.0/7C45/7C42.pdb,,A,A,D,,Success
7DOL,UB,/kaggle/input/prdbv3-dataset-description/PRDBv3.0/7DOL/7DOL.pdb,/kaggle/input/prdbv3-dataset-description/PRDBv3.0/7DOL/7DCY.pdb,,A,A,C,,Success
7K5L,UB,/kaggle/input/prdbv3-dataset-description/PRDBv3.0/7K5L/7K5L.pdb,/kaggle/input/prdbv3-dataset-description/PRDBv3.0/7K5L/4LDM.pdb,,A,A,R,,Success
7EIU,UB,/kaggle/input/prdbv3-dataset-description/PRDBv3.0/7EIU/7EIU.pdb,/kaggle/input/prdbv3-dataset-description/PRDBv3.0/7EIU/7EIO.pdb,,A,A,C,,Success
7KL3,UB,/kaggle/input/prdbv3-dataset-description/PRDBv3.0/7KL3/7KL3.pdb,/kaggle/input/prdbv3-dataset-description/PRDBv3.0/7KL3/5CZN.pdb,,A,A,B,,Success
7L6T,UB,/kaggle/input/prdbv3-dataset-description/PRDBv3.0/7L6T/7L6T.pdb,/kaggle/input/prdbv3-dataset-description/PRDBv3.0/7L6T/7C2I.pdb,,A,A,C,,Success
7V4G,UB,/kaggle/input/prdbv3-dataset-description/PRDBv3.0/7V4G/7V4G.pdb,/kaggle/input/prdbv3-dataset-description/PRDBv3.0/7V4G/4O61.pdb,,A,A,D,,Success
7VSJ,UB,/kaggle/input/prdbv3-dataset-description/PRDBv3.0/7VSJ/7VSJ.pdb,/kaggle/input/prdbv3-dataset-description/PRDBv3.0/7VSJ/6FQ1.pdb,,A,A,B,,Success
7VKI,UB,/kaggle/input/prdbv3-dataset-description/PRDBv3.0/7VKI/7VKI.pdb,/kaggle/input/prdbv3-dataset-description/PRDBv3.0/7VKI/2DHA.pdb,,A,A,B,,Success
7VKL,UB,/kaggle/input/prdbv3-dataset-description/PRDBv3.0/7VKL/7VKL.pdb,/kaggle/input/prdbv3-dataset-description/PRDBv3.0/7VKL/6GQE.pdb,,A,A,B,,Success
7Y7Q,UB,/kaggle/input/prdbv3-dataset-description/PRDBv3.0/7Y7Q/7Y7Q.pdb,/kaggle/input/prdbv3-dataset-description/PRDBv3.0/7Y7Q/2J7N.pdb,,AB,AB,CED,,Success
8DZK,UB,/kaggle/input/prdbv3-dataset-description/PRDBv3.0/8DZK/8DZK.pdb,/kaggle/input/prdbv3-dataset-description/PRDBv3.0/8DZK/5K71.pdb,,A,A,F,,Success
8EDJ,UB,/kaggle/input/prdbv3-dataset-description/PRDBv3.0/8EDJ/8EDJ.pdb,/kaggle/input/prdbv3-dataset-description/PRDBv3.0/8EDJ/6P3X.pdb,,A,A,R,,Success
8AXF,UB,/kaggle/input/prdbv3-dataset-description/PRDBv3.0/8AXF/8AXF.pdb,/kaggle/input/prdbv3-dataset-description/PRDBv3.0/8AXF/8AX4.pdb,,ABCD,ABCD,Q,,Success
8TG4,UB,/kaggle/input/prdbv3-dataset-description/PRDBv3.0/8TG4/8TG4.pdb,/kaggle/input/prdbv3-dataset-description/PRDBv3.0/8TG4/8TG3.pdb,,A,A,C,,Success
2ZM5,BU,/kaggle/input/prdbv3-dataset-description/PRDBv3.0/2ZM5/2ZM5.pdb,,/kaggle/input/prdbv3-dataset-description/PRDBv3.0/2ZM5/3L0U.pdb,A,,C,A,Success
3ZJT,BU,/kaggle/input/prdbv3-dataset-description/PRDBv3.0/3ZJT/3ZJT.pdb,,,A,,B,F,Success
6AAX,BU,/kaggle/input/prdbv3-dataset-description/PRDBv3.0/6AAX/6AAX.pdb,,/kaggle/input/prdbv3-dataset-description/PRDBv3.0/6AAX/6AAS.pdb,A,,B,A,Success
1HQ1,BU,/kaggle/input/prdbv3-dataset-description/PRDBv3.0/1HQ1/1HQ1.pdb,,/kaggle/input/prdbv3-dataset-description/PRDBv3.0/1HQ1/1DUH.pdb,A,,B,A,Success
1JID,BU,/kaggle/input/prdbv3-dataset-description/PRDBv3.0/1JID/1JID.pdb,,/kaggle/input/prdbv3-dataset-description/PRDBv3.0/1JID/1D4R.pdb,A,,B,A,Success
2PJP,BU,/kaggle/input/prdbv3-dataset-description/PRDBv3.0/2PJP/2PJP.pdb,,/kaggle/input/prdbv3-dataset-description/PRDBv3.0/2PJP/1MFK.pdb,A,,B,A,Success
3BT7,BU,/kaggle/input/prdbv3-dataset-description/PRDBv3.0/3BT7/3BT7.pdb,,/kaggle/input/prdbv3-dataset-description/PRDBv3.0/3BT7/1EVV.pdb,A,,C,A,Success
6HTU,BU,/kaggle/input/prdbv3-dataset-description/PRDBv3.0/6HTU/6HTU.pdb,,/kaggle/input/prdbv3-dataset-description/PRDBv3.0/6HTU/6HU6.pdb,ABC,,DF,AE,Success
1LNG,BU,/kaggle/input/prdbv3-dataset-description/PRDBv3.0/1LNG/1LNG.pdb,,/kaggle/input/prdbv3-dataset-description/PRDBv3.0/1LNG/1Z43.pdb,A,,B,A,Success
2I82,BU,/kaggle/input/prdbv3-dataset-description/PRDBv3.0/2I82/2I82.pdb,,/kaggle/input/prdbv3-dataset-description/PRDBv3.0/2I82/3L0U.pdb,A,,E,A,Success
